epoch,loss,acc
0,0.0461477938965,-1
1,0.00700642610341,-1
