epoch,loss,acc
0,0.0614959211051,-1
1,0.0316694634408,-1
